Agent,Market,Difference,Strategy Wins (%)
2.227275729119686,1.3918253291654838,0.8354503999542022,
0.4208187004630116,0.49091406217137096,-0.07009536170835934,
1.6595302936981244,1.6231896551724148,0.03634063852570968,
0.9585785554396569,6.38063162544169,-5.422053070002033,
2.2124618949471015,0.3825541106061288,1.8299077843409728,
0.4152011390570144,1.5008729267988516,-1.0856717877418371,
0.7150043741673864,0.33791189571138736,0.377092478455999,
0.6400749623331945,3.445851804939831,-2.8057768426066367,
1.4122753275309012,1.8121288761821,-0.3998535486511987,
1.6836083729241285,3.168574306382196,-1.4849659334580676,
0.4751831047405146,9.731933695104251,-9.256750590363737,
0.4004545581655361,0.8948349599736827,-0.4943804018081466,
0.24786793863176446,7.307209650649724,-7.059341712017959,
0.6514543110171727,3.313636363636364,-2.6621820526191913,
0.5403057542642629,10.010732141454856,-9.470426387190592,
0.9624943398325068,1.0783623101518807,-0.1158679703193739,
0.6681459121556892,1.4331547879317894,-0.7650088757761002,
2.057649829588149,0.47730737080198654,1.5803424587861623,
0.6888251894978281,6.262167423750821,-5.573342234252992,
1.0593585451817953,2.7687727133412117,-1.7094141681594164,
0.8910495707857253,0.3934269495070207,0.49762262127870466,
0.7059123430104702,5.138454953991002,-4.432542610980532,
0.29184979401126054,4.143585770546836,-3.8517359765355756,
0.4985971728032527,0.9219616886230281,-0.42336451581977536,
0.34715408330148767,5.69698213919114,-5.3498280558896525,
0.5158949960862859,1.2657965772990547,-0.7499015812127688,
1.749967370537815,0.46544392144132474,1.2845234490964903,
1.528934568202935,1.3294021879405162,0.1995323802624187,
0.3067309501465997,0.8290807409996518,-0.5223497908530521,
0.35554350232551607,5.744023352961895,-5.3884798506363785,
2.126405941076847,1.5123546814450601,0.6140512596317871,
0.5784340538079298,0.7859854892673201,-0.20755143545939037,
0.6427672109372049,6.774262596857751,-6.131495385920546,
0.6426299555388183,4.99111088007486,-4.348480924536042,
1.1564569890648007,0.3306201550387601,0.8258368340260406,
1.363705947400554,0.3981109324758849,0.965595014924669,
1.56113847058955,0.3910878826909741,1.1700505878985759,
1.4187339669323271,3.5449489820590907,-2.1262150151267636,
0.9721367537150327,9.188653665658567,-8.216516911943534,
0.6870709927560636,2.314137236186233,-1.6270662434301693,
1.7165346419627432,6.542322134144839,-4.825787492182096,
2.0899152602027384,4.974937453364346,-2.8850221931616074,
2.1733485464355806,0.9813965260859946,1.1919520203495861,
1.6469721091920582,0.709879472335581,0.9370926368564771,
0.9217642527494939,0.9284510981850553,-0.006686845435561417,
0.2751460126541414,1.1323691914002671,-0.8572231787461257,
0.5115961437738541,0.8502197339112646,-0.3386235901374105,
0.5399097906107658,1.0998469561274238,-0.559937165516658,
1.247255278222249,6.749316005471955,-5.502060727249706,
1.104768294254145,0.42100169368497486,0.6837666005691702,
0.6793529534446868,1.1027019380393297,-0.4233489845946429,
0.3636049511135472,0.7447063805759464,-0.3811014294623992,
0.2548487250845237,4.248966660372216,-3.994117935287692,
0.8016358486375754,0.838577208768647,-0.03694136013107163,
0.39293496416940416,2.8257130745473282,-2.432778110377924,
1.9452444473342996,3.1216745085968056,-1.176430061262506,
0.4953659463298788,2.655482959562067,-2.160117013232188,
1.265008281681069,0.8465158106073271,0.418492471073742,
0.5949166039344703,0.4239345521131753,0.170982051821295,
0.603020519001802,2.4641031103536415,-1.8610825913518396,
0.8335527961728061,1.2242057779057507,-0.3906529817329446,
0.7133710136441861,1.1808383558668627,-0.4674673422226766,
0.9408182178892452,0.8393560802761405,0.10146213761310474,
0.6556897860215976,1.1570173419275631,-0.5013275559059656,
0.4811605146226061,0.2697177957354683,0.21144271888713784,
0.7395172398080747,4.564966477128065,-3.82544923731999,
1.0142191341119624,6.25146962769432,-5.237250493582358,
1.0738638557329174,5.744023352961895,-4.670159497228977,
0.5603100921732224,0.33791189571138736,0.222398196461835,
1.3230169645740286,6.029880794701983,-4.706863830127954,
0.41121875096893207,1.8406228212874738,-1.4294040703185418,
0.5612401503854372,0.4142958748221914,0.1469442755632458,
0.8905616907309151,7.053996389299197,-6.163434698568282,
0.24111593866889558,2.0409711279079086,-1.7998551892390129,
0.6317919697632998,1.0766109697170898,-0.44481899995379004,
0.7164343136279835,1.0189575745881672,-0.30252326096018367,
0.6074467512673147,2.439645033679035,-1.8321982824117204,
0.8619128750816092,0.7783490532586343,0.08356382182297484,
0.9264683739163895,0.6117438094243026,0.31472456449208686,
0.5241945954218271,1.3930423978878683,-0.8688478024660412,
1.532887946726803,1.2609915070116544,0.27189643971514865,
2.0229396632794763,3.743741237732827,-1.720801574453351,
1.1463993595088828,0.6219631005297459,0.5244362589791369,
1.1346126289648957,0.9488176752242905,0.18579495374060517,
0.41135009475503087,6.97262362936607,-6.561273534611039,
0.8797268329422998,0.9220969825055779,-0.042370149563278114,
0.4283444883615818,5.785366896478015,-5.357022408116434,
1.2554176682771674,1.3276018294787693,-0.07218416120160187,
0.4932654599758385,5.833744449926009,-5.34047898995017,
1.11407251284861,2.6607327834260457,-1.5466602705774357,
0.6475507903599702,0.42961840473894447,0.21793238562102574,
0.6710692022026737,0.6612090680100765,0.009860134192597236,
1.057824718893064,0.8502197339112646,0.20760498498179947,
0.5734236577393388,1.160458452722064,-0.5870347949827253,
3.184201382294504,0.3935436537050625,2.7906577285894416,
0.784714403580336,1.074937805380058,-0.29022340179972206,
1.112398343275364,0.5404090758028944,0.5719892674724695,
0.4387300232899289,4.869930657701206,-4.431200634411277,
0.16241053638012903,2.3149475087485434,-2.1525369723684142,
0.2880062849904161,1.2515441768865838,-0.9635378918961677,31.0
0.6596255544183158,7.010517799352749,-6.350892244934434,30.0
1.1725220202916375,0.47391210218662055,0.6986099181050169,31.0
0.8861839198921532,7.010517799352749,-6.124333879460596,30.0
0.987536949386878,0.35217405713528255,0.6353628922515955,31.0
0.7724219883857898,8.2134609732544,-7.44103898486861,30.0
1.0903798898662656,4.149312169312172,-3.058932279445907,30.0
1.5198977311293815,1.2242057779057507,0.29569195322363084,30.0
1.4738875737738888,0.31450573474948235,1.1593818390244064,31.0
0.5820263667551304,4.876350325863763,-4.294323959108633,31.0
0.9928467092846733,0.4425968439122257,0.5502498653724477,32.0
0.6604405260361658,6.778034738965712,-6.1175942129295455,32.0
0.9796050423062318,0.34857362070168196,0.6310314216045498,33.0
0.7108388623715105,2.3103429294875295,-1.599504067116019,33.0
0.26131928675722893,2.3806026163414096,-2.1192833295841806,33.0
0.6939311756055204,0.40328359138913994,0.2906475842163805,34.0
0.6941698901639705,0.8412608239081408,-0.14709093374417037,34.0
0.9313415981431,6.003365487166118,-5.072023889023018,34.0
1.7472520187129355,2.146488544578205,-0.3992365258652695,33.0
0.6357613585654546,5.593865196658664,-4.958103838093209,33.0
0.510228210150889,0.4006143428102699,0.10961386734061912,34.0
0.4211438916991015,0.4452034315416634,-0.024059539842561928,33.0
0.8440656334192818,3.1709606020362986,-2.326894968617017,33.0
1.6596586353221578,2.2348653259577103,-0.5752066906355524,33.0
0.4253684887585423,4.467493487371167,-4.042124998612625,33.0
2.336524818103981,0.8864605060306537,1.450064312073327,34.0
1.233838513031328,1.4761771387670004,-0.24233862573567233,34.0
1.2782959455247846,1.1094935053613464,0.16880244016343826,34.0
1.018429922127236,0.47730737080198654,0.5411225513252493,34.0
1.140975603359212,6.973783906652525,-5.832808303293312,34.0
1.1312268815909223,2.0935195843574013,-0.9622927027664789,34.0
1.763360928904082,0.47262460688077745,1.2907363220233043,34.0
1.9612116633874392,1.3192304266500425,0.6419812367373967,35.0
0.8017192992463478,0.33791189571138736,0.4638074035349604,36.0
0.6703457698157815,0.4606869084835771,0.20965886133220446,37.0
0.4183390301304303,1.7903256342294576,-1.3719866040990274,36.0
0.6987174082521325,1.5911823647294585,-0.892464956477326,35.0
2.4057881375243553,0.3843803999012594,2.021407737623096,35.0
0.8067974444020383,3.470015134317061,-2.663217689915023,35.0
0.5415761738152083,1.9226480509745085,-1.3810718771593002,35.0
0.4664116671834775,4.523172905525849,-4.0567612383423715,35.0
0.8243843618830419,2.4765213575190135,-1.6521369956359715,35.0
0.44824880380139154,2.8954196229900475,-2.447170819188656,35.0
1.0709569765772753,8.44528401353073,-7.374327036953455,34.0
0.6868071352209428,6.206277056277049,-5.519469921056106,33.0
1.2825682394607194,6.501123103051562,-5.2185548635908425,33.0
1.4650912352696182,0.7494882847304165,0.7156029505392016,34.0
1.0954874720028147,0.32315798516651945,0.7723294868362953,35.0
0.8725288689291578,6.284894423389271,-5.412365554460113,35.0
1.421535187617356,7.5682454746875205,-6.146710287070165,35.0
1.0215066573013603,0.488752154655146,0.5327545026462143,35.0
0.744835696364188,6.103555958497042,-5.358720262132854,35.0
0.5743797885498786,1.6234283537113365,-1.049048565161458,35.0
0.22026969570568034,5.979402677651907,-5.759132981946227,35.0
2.010998016938944,4.892358597869919,-2.881360580930975,35.0
1.255641393371369,1.530217391304349,-0.27457599793298004,35.0
0.5745205704368594,0.378060761089177,0.19645980934768242,36.0
1.1964326945878407,2.38504764231615,-1.1886149477283094,36.0
1.13938071098618,1.3297530189938684,-0.19037230800768845,35.0
2.6979350340457557,0.3843803999012594,2.3135546341444964,35.0
0.6026002894046896,3.638038147138963,-3.0354378577342738,35.0
0.9576687339503163,2.5916293881264667,-1.6339606541761504,35.0
1.281868947592439,0.3522234184855315,0.9296455291069075,36.0
0.9105177991594301,3.007342907271428,-2.096825108111998,35.0
0.8724950966408966,1.2460165900817568,-0.37352149344086016,35.0
0.6067173175354682,5.361903201136234,-4.755185883600766,34.0
1.568842244782207,1.2506083465141762,0.31823389826803083,35.0
0.9319855073156776,5.339687952056202,-4.407702444740525,35.0
0.9469550874333219,0.4048476793396529,0.542107408093669,36.0
0.5026373485865863,4.69517044675424,-4.192533098167654,35.0
1.4090239309984642,5.348791493544208,-3.939767562545743,35.0
1.686034593170989,0.8740575258307737,0.8119770673402154,36.0
1.6334079848911645,0.7641624365482244,0.8692455483429401,36.0
0.9318383789620934,0.27863852038346076,0.6531998585786327,37.0
0.3554381602621418,1.993564967521296,-1.6381268072591544,37.0
1.520253355832298,7.162534435261719,-5.642281079429421,37.0
1.0773807397526558,0.5373748457001789,0.5400058940524769,38.0
0.39741582400482806,10.130689372295002,-9.733273548290175,38.0
1.036311415770773,1.044390218576397,-0.008078802805624008,37.0
0.7626008632074549,1.879805690492713,-1.1172048272852582,36.0
1.4295148702156146,0.3944800723924928,1.0350347978231218,37.0
1.4479109541491268,6.894602571157025,-5.446691617007898,36.0
0.42985278084095707,4.625448104255406,-4.195595323414449,36.0
1.7651401798847233,5.559119830328743,-3.7939796504440193,35.0
1.3551941779494419,1.1145066867178672,0.24068749123157462,35.0
1.5244872729584678,5.8561111775049906,-4.331623904546523,35.0
1.611613629786864,3.7198907103825136,-2.1082770805956494,35.0
1.7833863717061993,0.5764668569616236,1.2069195147445757,36.0
1.5468753948587937,4.903689129365468,-3.356813734506674,36.0
3.115468867217114,0.8502197339112646,2.2652491333058493,37.0
1.2772208422926468,4.884245643299237,-3.60702480100659,37.0
3.1845050376284894,9.499965860208926,-6.3154608225804365,36.0
0.9734580107450378,1.1808383558668627,-0.2073803451218249,35.0
1.7242199876344846,2.2960636985533225,-0.5718437109188379,34.0
1.8863595744440758,0.31450573474948235,1.5718538396945934,35.0
1.099936011526588,3.007342907271428,-1.9074068957448402,34.0
1.576545316522208,1.6947673461323138,-0.11822202961010575,34.0
1.3814328950998376,2.4336118095547046,-1.052178914454867,33.0
2.7858692206542406,0.39453286787764097,2.3913363527766,34.0
1.51038966627492,7.594993926038926,-6.084604259764006,34.0
2.0167530565830094,0.4142958748221914,1.602457181760818,35.0
1.2396282218513133,0.3442585637874131,0.8953696580639001,36.0
0.4539224279447677,0.8324416174883467,-0.37851918954357894,35.0
3.1476635883766177,7.235599525775727,-4.087935937399109,35.0
1.8324295429203987,0.43218601870436035,1.4002435242160383,35.0
2.3183772811446235,0.5802461881958931,1.7381310929487304,36.0
0.8612582639448477,5.410987791342955,-4.5497295273981075,36.0
1.509918444446868,4.457279426409085,-2.9473609819622166,35.0
0.6859450750259233,2.31791401738319,-1.6319689423572667,34.0
1.6833881329229743,5.5744118561509,-3.8910237232279257,34.0
1.086304747705044,0.718985108701292,0.3673196390037521,34.0
0.4964584634351578,2.348485678295636,-1.852027214860478,34.0
1.3567826897939492,3.9952040816326537,-2.6384213918387047,33.0
1.508694899943412,0.7359217109781221,0.7727731889652899,34.0
0.5042367467443805,4.2008143390840775,-3.696577592339697,34.0
0.9669116382922426,1.9149533162401453,-0.9480416779479027,33.0
0.9713746239047374,0.7113358716217798,0.2600387522829576,34.0
1.44146381325765,0.4634433038163154,0.9780205094413347,35.0
1.423645113872195,0.4169615827399486,1.0066835311322464,36.0
1.5690116347590501,0.2799321266968325,1.2890795080622177,37.0
2.595016943894252,0.3981109324758849,2.196906011418367,37.0
3.1710130595832315,2.3091104349382507,0.8619026246449808,38.0
1.8126240048932827,0.34857362070168196,1.4640503841916006,39.0
1.0944487508973513,0.40328359138913994,0.6911651595082113,40.0
2.538394050757471,3.4149802890932994,-0.8765862383358285,40.0
1.5770741175341085,0.2697177957354683,1.3073563217986401,40.0
0.7527234956311717,0.6373373159803717,0.1153861796508,41.0
4.363535585253338,8.21658037552243,-3.8530447902690916,40.0
1.676305198849097,2.5789215870982294,-0.9026163882491325,39.0
2.6370523409413757,0.5975763118783582,2.0394760290630174,40.0
1.4077884925128357,0.4180590425071422,0.9897294500056935,41.0
2.077669177438051,6.992162943715684,-4.914493766277633,40.0
2.3769497771089507,2.03657039477935,0.34037938232960085,40.0
2.4594267189172805,0.9449082858950059,1.5145184330222747,40.0
1.520954715782198,3.1709606020362986,-1.6500058862541005,39.0
1.352866984524535,0.4446892655367222,0.9081777189878126,40.0
1.850090472823415,0.4142958748221914,1.4357945980012237,41.0
1.5112026222906354,2.233710052452282,-0.7225074301616465,40.0
1.102866826573274,1.2836419125127156,-0.1807750859394417,40.0
1.5032557493368341,8.390765882474872,-6.887510133138038,40.0
2.391991505418469,4.518980454526422,-2.126988949107953,40.0
4.705221331486417,4.876350325863763,-0.1711289943773462,40.0
1.104920719444423,2.0589654810617977,-0.9540447616173746,40.0
1.812362829419353,0.29146773673881854,1.5208950926805345,41.0
0.6928896445468186,0.737863772219601,-0.044974127672782416,41.0
5.675561639368723,1.7327038626609446,3.942857776707779,42.0
3.6264063460262603,5.212906695348217,-1.5865003493219563,41.0
1.9913150237554447,6.99001146225643,-4.9986964385009856,40.0
2.0936153906588038,4.892995011928004,-2.7993796212692006,40.0
2.6435914915383587,1.4331547879317894,1.2104367036065693,41.0
2.0409102337139973,0.3426957716379185,1.6982144620760788,41.0
3.214242206106348,6.725492977727341,-3.511250771620993,41.0
1.0025708162102018,2.31791401738319,-1.3153432011729882,41.0
4.00374658860814,1.1152256286600055,2.888520959948134,42.0
3.765248633263955,0.47730737080198654,3.2879412624619686,43.0
4.209594043141809,1.1880059013517297,3.0215881417900796,44.0
1.2845986815850612,1.3278592736107255,-0.043260592025664346,43.0
1.6350898977403587,3.0669728544008774,-1.4318829566605187,43.0
1.5202570606722485,0.6389903192934786,0.8812667413787699,44.0
10.70749259979136,5.557798830046069,5.149693769745291,44.0
1.1429681738963662,0.8357678209967723,0.3072003528995939,45.0
2.2406289143782305,1.9226480509745085,0.317980863403722,46.0
1.820842646562015,4.838931336854518,-3.018088690292503,45.0
4.029063640898824,2.1875103254584483,1.8415533154403754,46.0
1.4838181608288379,2.43569897161961,-0.9518808107907721,46.0
8.496137915094819,7.594993926038926,0.9011439890558925,47.0
1.598486049685617,6.742658806677322,-5.144172756991705,46.0
1.3667332315156002,2.9864343904567936,-1.6197011589411934,46.0
1.9909478900469597,2.31791401738319,-0.3269661273362303,45.0
1.0184838990721816,5.641461053847074,-4.622977154774892,45.0
1.726516235559899,1.0262718023255815,0.7002444332343176,46.0
6.221896682183494,4.40461554673505,1.817281135448444,46.0
2.087207487161499,2.0935195843574013,-0.006312097195902311,45.0
5.1810844166733885,1.3784566517189838,3.802627764954405,45.0
3.8294532669707224,3.168574306382196,0.6608789605885264,46.0
2.7135314577263765,5.531336574146672,-2.8178051164202955,46.0
1.5797036739419141,5.6833595800524925,-4.103655906110578,45.0
2.597774792204111,0.49749955575863775,2.1002752364454733,46.0
1.5155349384131818,4.96891270282566,-3.453377764412479,46.0
1.3171205372838815,0.4756180484724848,0.8415024888113967,47.0
2.600369623977923,3.743741237732827,-1.1433716137549044,46.0
5.063792791627368,6.725492977727341,-1.6617001860999725,46.0
2.6227184145400004,0.6188033451159596,2.003915069424041,47.0
3.757737519821607,2.2050372266170313,1.552700293204576,48.0
1.4935859845201267,0.8976920611176414,0.5958939234024853,48.0
1.5010621654349683,0.4452034315416634,1.055858733893305,49.0
2.015861506761147,1.1005939338023298,0.9152675729588171,50.0
2.8947910476755476,7.405049748582441,-4.510258700906894,49.0
3.1244827855267423,0.49186690136364664,2.6326158841630956,50.0
1.8085633420736231,4.806687565308252,-2.998124223234629,49.0
2.806388298964361,4.963004291845493,-2.1566159928811324,49.0
10.169430263708085,6.0279112454785935,4.141519018229491,50.0
1.4761379138638917,2.0433228071091145,-0.5671848932452228,50.0
13.630656831637937,7.606180796562561,6.024476035075376,51.0
1.113426794700495,6.059155541083248,-4.945728746382753,50.0
5.325063577498623,6.700775058782548,-1.3757114812839246,50.0
3.7797909972707004,0.39453286787764097,3.3852581293930593,51.0
4.297015604306537,0.5476882211338928,3.7493273831726444,52.0
4.255417206905194,3.470015134317061,0.7854020725881328,52.0
2.7990342190689588,0.4456923846025661,2.353341834466393,53.0
2.9282944240431346,4.869930657701206,-1.941636233658071,52.0
4.784432765163363,9.122483730260557,-4.338050965097194,51.0
1.11256576019846,1.1720870814925224,-0.0595213212940624,51.0
2.780526214134336,6.477785531518968,-3.697259317384632,51.0
2.3899337547113326,1.0767874932945058,1.3131462614168268,51.0
3.8742411819474327,7.338784942891433,-3.464543760944,50.0
2.2672795936520242,0.33888021341661834,1.928399380235406,51.0
4.040789450526345,0.8177193200148903,3.223070130511455,52.0
4.02287027153154,1.3326375765097445,2.690232695021795,53.0
2.2859129164996923,2.0223345540826316,0.2635783624170607,54.0
2.0517909736268813,1.9730443325555667,0.07874664107131468,54.0
2.8934306006353996,1.0067553735926307,1.886675227042769,55.0
2.037728342708538,4.805648957632813,-2.7679206149242748,55.0
3.661505645592468,7.302559526223996,-3.6410538806315285,54.0
1.6010576367586504,1.3526422160137908,0.24841542074485967,55.0
4.900594304573533,5.484541372674793,-0.58394706810126,55.0
2.256683581955143,0.8758567035898198,1.380826878365323,55.0
3.29885828318601,0.9449082858950059,2.353949997291004,55.0
1.8836299443848095,6.008318928262754,-4.124688983877944,54.0
3.9920630698287027,1.4888443218851874,2.5032187479435155,54.0
2.8937748698486923,0.42993485490410466,2.4638400149445876,54.0
1.7296779475934163,2.8257130745473282,-1.096035126953912,53.0
1.7038510031486163,0.6174356155114814,1.086415387637135,53.0
6.982891110917869,5.782545185758787,1.2003459251590822,53.0
1.9760786512642463,0.34920454360791087,1.6268741076563353,54.0
2.8204771734573146,0.4735937620232385,2.346883411434076,54.0
3.6093598517544394,0.45721975193072767,3.1521400998237117,54.0
2.560291144664802,0.5896480737182637,1.9706430709465381,55.0
1.5154714670554783,0.6187324592636031,0.8967390077918752,56.0
3.4193595575535327,1.086883242742173,2.33247631481136,56.0
2.0613518608812478,3.061630218687871,-1.0002783578066232,55.0
3.872604340499161,1.6633527234267593,2.2092516170724013,56.0
3.7693949496945405,0.4694673320181038,3.2999276176764365,56.0
2.742461272463824,0.9189654166909658,1.8234958557728582,56.0
2.3638403529253744,1.0039145071635496,1.3599258457618248,57.0
1.8666596615125544,2.4042792792792778,-0.5376196177667234,56.0
1.4374899078902914,4.124155308670252,-2.686665400779961,55.0
5.714464915415683,0.3422935234699945,5.372171391945689,56.0
2.7179084268292044,0.9126253729733624,1.805283053855842,57.0
1.9144160245727082,3.0669728544008774,-1.1525568298281692,57.0
2.4068964526151375,0.35217405713528255,2.054722395479855,58.0
1.8803145569583783,3.2362204724409422,-1.355905915482564,58.0
2.4786885040377924,1.1804059704518393,1.2982825335859531,59.0
4.065975031426587,1.6576970213672955,2.4082780100592913,59.0
2.427210744091659,0.8816053631605353,1.5456053809311237,60.0
4.958126234204536,0.27863852038346076,4.679487713821075,60.0
2.1195293204845482,0.744965348552792,1.3745639719317562,61.0
2.446654882914167,6.427557165940376,-3.980902283026209,61.0
3.1744600116331925,4.903689129365468,-1.7292291177322752,61.0
3.4159810021300374,0.9508520063375043,2.465128995792533,61.0
1.0227156392867012,3.3139666004403154,-2.2912509611536143,60.0
4.444209415071215,2.663989450970986,1.7802199641002288,61.0
2.235506110711633,1.3297530189938684,0.9057530917177647,62.0
3.075834082055929,1.086883242742173,1.988950839313756,62.0
2.3090998506002487,5.351238791381582,-3.0421389407813333,61.0
5.826212566234008,7.530986613782856,-1.704774047548848,60.0
3.6518828509703236,0.3471254275732141,3.3047574233971098,61.0
4.673169201411714,1.879805690492713,2.7933635109190007,62.0
1.0878681041763163,4.968414596749458,-3.8805464925731417,61.0
5.353876634976328,4.611512508407648,0.7423641265686802,61.0
1.5066226327881842,0.5398630943917465,0.9667595383964377,61.0
5.941358914358146,7.555989970676988,-1.6146310563188422,60.0
2.662256215453867,0.7765565438373582,1.8856996716165089,61.0
9.312612089185986,10.010732141454856,-0.6981200522688695,60.0
1.463574177114512,3.9317504014682276,-2.4681762243537158,60.0
2.513139995229682,0.4907759969302524,2.0223639982994297,60.0
2.3235005576862573,1.2529345170708444,1.070566040615413,61.0
1.975303096703125,0.29568767279022307,1.679615423912902,62.0
4.967639749841704,0.42603388095977823,4.541605868881926,63.0
2.4430690518319738,0.44089167537443386,2.00217737645754,64.0
6.15095428034152,3.1709606020362986,2.9799936783052217,64.0
3.151811836713109,1.2242057779057507,1.9276060588073582,64.0
2.7743057096554207,5.2787994542974035,-2.504493744641983,64.0
5.33899178363699,4.961983209250749,0.3770085743862408,64.0
3.0569513575543588,1.015609655243708,2.0413417023106506,64.0
2.131731954021888,0.2704460751406282,1.8612858788812598,65.0
1.8639879310919154,4.577033101757258,-2.7130451706653425,65.0
3.6189866607094565,0.9010281965558566,2.7179584641536,65.0
1.7501257781699087,0.9113292918643479,0.8387964863055608,66.0
5.374451443152907,6.25146962769432,-0.8770181845414129,65.0
2.8143157127483414,6.147997359154932,-3.3336816464065904,65.0
3.326560151744909,0.5975763118783582,2.7289838398665505,66.0
2.2251856437254434,2.7687727133412117,-0.5435870696157683,65.0
2.111509553048602,5.653976439658226,-3.5424668866096245,64.0
3.228481181307425,1.178024617232062,2.050456564075363,64.0
2.4187266189218453,2.655482959562067,-0.23675634064022155,63.0
3.115788033352796,0.33510558857791484,2.780682444774881,63.0
3.7324437936239105,0.3715202024609473,3.360923591162963,64.0
3.0800912517055106,0.3226152697405268,2.757475981964984,64.0
4.103269638346624,3.0884162303664917,1.014853407980132,65.0
2.362394011386052,0.6851318052908094,1.677262206095243,66.0
7.4700524538304,7.2336512762670715,0.23640117756332835,66.0
3.643242626950637,0.6612090680100765,2.9820335589405604,67.0
6.763287457825085,1.3784566517189838,5.384830806106101,67.0
2.2381379536679007,1.4575153279246937,0.780622625743207,68.0
3.095226315351436,7.307209650649724,-4.211983335298288,68.0
2.0917374327629337,1.3443199088145896,0.747417523948344,68.0
4.177975837593296,3.8564983702808284,0.3214774673124676,68.0
1.972776390689706,1.0998469561274238,0.8729294345622822,68.0
3.665757460258844,5.593865196658664,-1.9281077363998196,67.0
4.969198746778789,2.1085855011747388,2.86061324560405,68.0
2.527692681260664,5.559309130703717,-3.031616449443053,68.0
2.361782981147504,0.6851318052908094,1.6766511758566947,69.0
5.046958578649734,1.6333438618656562,3.4136147167840782,70.0
4.2823686184048455,0.34920454360791087,3.9331640747969345,70.0
6.094864004758852,0.3185680810818445,5.776295923677008,71.0
1.6798718930623524,1.488148384353739,0.19172350870861332,71.0
4.576607042990721,7.403488866827419,-2.8268818238366977,70.0
1.4006439680033698,5.899319297134716,-4.498675329131347,69.0
2.113448361475807,0.43942743152900526,1.6740209299468019,69.0
1.5600926175407088,1.085320117867666,0.4747724996730429,69.0
4.464541094877319,1.01577091486806,3.4487701800092587,69.0
2.6491434964588434,4.8148746968472045,-2.165731200388361,69.0
3.688882049074995,0.44089167537443386,3.2479903737005613,70.0
6.745821923712468,2.452873980054392,4.292947943658076,70.0
2.5791139255394517,1.228149568552253,1.3509643569871987,71.0
2.605578985866689,3.2991767653525597,-0.6935977794858705,70.0
1.7779396302091053,1.879805690492713,-0.10186606028360767,69.0
5.091994432855507,4.873221407119292,0.2187730257362146,70.0
2.090041130522993,0.44696249725857107,1.643078633264422,70.0
1.866129737986919,2.2233559227391573,-0.3572261847522382,69.0
2.7285577845819837,0.32241317200313635,2.4061446125788475,70.0
3.2615179312732288,4.2008143390840775,-0.9392964078108488,69.0
1.1555420663174192,1.649979449239624,-0.49443738292220485,68.0
2.971166992267974,5.216101334693524,-2.2449343424255495,67.0
2.4394144671319045,0.8290807409996518,1.6103337261322528,67.0
2.568517784243146,0.9219616886230281,1.646556095620118,67.0
3.0998593924186664,0.33329732065687123,2.766562071761795,67.0
2.7650296641522822,0.7274684712396194,2.037561192912663,67.0
7.306687882574295,0.32315798516651945,6.9835298974077755,67.0
3.620452706335997,0.3981109324758849,3.222341773860112,68.0
3.856628883995747,0.27681216900357003,3.579816714992177,68.0
1.223248110156794,1.8881105677548458,-0.6648624575980517,67.0
4.48229817497351,1.309798807749628,3.1724993672238817,67.0
1.2166607329826629,5.842489061740396,-4.625828328757733,66.0
2.2208368372439073,7.5682454746875205,-5.347408637443613,66.0
3.691677599933201,0.6958294283036551,2.995848171629546,67.0
6.020597340702311,6.535206769918585,-0.5146094292162742,66.0
3.208152560590286,0.31627807627216176,2.891874484318124,66.0
3.8308265696606045,1.7036573146292617,2.127169255031343,67.0
2.214775025448488,5.604172355414774,-3.389397329966286,66.0
2.189262964699598,0.9189654166909658,1.270297548008632,67.0
4.256590220289277,2.25706418584757,1.9995260344417067,67.0
3.2005656556240853,1.5823358651131363,1.618229790510949,67.0
1.8128349119835363,0.8466650882770737,0.9661698237064626,67.0
1.3349968500840914,1.815923895215332,-0.4809270451312406,66.0
2.390574365022452,1.1609301803697176,1.2296441846527342,66.0
1.7076547369171706,3.0669728544008774,-1.3593181174837068,66.0
4.765545895633554,2.576635656550254,2.1889102390833,67.0
3.5853666304725174,0.40159716886684843,3.183769461605669,67.0
3.2511585249690107,1.1889302377249495,2.062228287244061,68.0
6.027322913543278,0.9075702337550945,5.119752679788184,68.0
5.287071413773499,0.4485212317121805,4.838550182061319,68.0
5.017130986061353,7.237984194843894,-2.2208532087825406,67.0
2.863499865028503,0.9126253729733624,1.9508744920551406,68.0
2.9805425941119217,1.1322669947708397,1.848275599341082,69.0
2.215542590088971,0.6373373159803717,1.5782052741085995,69.0
3.52633202316306,0.2769790814846077,3.249352941678452,69.0
4.881436493336857,0.32960912052117336,4.5518273728156835,70.0
2.8225330933681714,1.1451333879632173,1.677399705404954,70.0
1.1420743755122231,0.8592683383552095,0.2828060371570136,70.0
2.621090944996394,5.0856489099942,-2.4645579649978058,70.0
2.9113340084801083,4.625448104255406,-1.7141140957752974,69.0
2.3974393609978795,0.44606552321305726,1.9513738377848222,70.0
1.3596792539151712,1.044390218576397,0.3152890353387743,71.0
8.637879239394762,1.2242057779057507,7.413673461489011,71.0
2.487333007352848,0.7716865527249281,1.71564645462792,71.0
3.7827002225202695,0.5892940354147249,3.193406187105545,71.0
4.494259835218177,0.47730737080198654,4.016952464416191,71.0
0.9322065283842179,2.4944475966604527,-1.5622410682762347,70.0
4.22980169443938,3.5381474623747833,0.6916542320645966,70.0
3.6372145021002478,1.5128583045334414,2.124356197566806,70.0
4.511092271706429,2.451990761108666,2.0591015105977624,71.0
3.299314668613079,5.473019836315716,-2.173705167702637,70.0
3.098108809444546,4.722395088722559,-1.6242862792780128,69.0
2.4632694568478235,1.01577091486806,1.4474985419797635,69.0
1.8889971121070144,1.0289707449958556,0.8600263671111588,70.0
7.6372531541662205,9.648740498612089,-2.011487344445868,69.0
5.405678774859024,1.6303044761876362,3.775374298671388,69.0
3.9560798578903844,0.5462279048443792,3.4098519530460054,70.0
5.890626953435466,1.5720506151553224,4.318576338280144,71.0
4.334753736212152,1.26381411164636,3.070939624565792,71.0
5.120569768451287,0.43218601870436035,4.688383749746927,72.0
3.46919454149876,1.129125244835362,2.340069296663398,73.0
2.4790498370967327,5.4495800538798775,-2.970530216783145,72.0
3.0853567046826487,6.647630466334323,-3.562273761651674,72.0
3.687603253153235,1.1323691914002671,2.5552340617529676,72.0
4.786094280094197,1.0158029281896357,3.7702913519045613,72.0
2.314950176767843,0.34857362070168196,1.966376556066161,72.0
3.6697864922546066,8.025779012238532,-4.355992519983925,71.0
4.953075434804817,0.33919099746884457,4.613884437335972,71.0
5.859158603153054,8.095382351668322,-2.2362237485152683,70.0
2.573517927374846,0.3426957716379185,2.2308221557369277,70.0
1.5696220796204854,8.390765882474872,-6.821143802854387,69.0
1.6879930408516648,1.2671284271284273,0.42086461372323747,69.0
4.345354284776209,2.2050372266170313,2.140317058159178,70.0
1.6914142736647042,5.362101107577584,-3.67068683391288,69.0
5.933896890867905,1.5542431497738751,4.37965374109403,69.0
2.315136990474414,6.059155541083248,-3.744018550608834,68.0
1.6926173751160851,5.242236502866816,-3.5496191277507307,68.0
1.8442477465437186,1.2638599171489842,0.5803878293947344,68.0
10.096061738626105,5.1306733329004555,4.965388405725649,69.0
2.718668922359737,1.2638599171489842,1.454809005210753,69.0
6.105335685569163,7.555989970676988,-1.4506542851078246,68.0
2.5405919658737606,0.7783490532586343,1.7622429126151262,68.0
2.9203586297629283,0.27863852038346076,2.6417201093794676,68.0
3.038329127452574,3.6720314400673715,-0.6337023126147976,67.0
5.329513370530716,6.838308457711454,-1.5087950871807383,67.0
2.027007097621595,0.4475779416694602,1.579429155952135,68.0
6.160918087513678,5.298903775883079,0.8620143116305989,68.0
2.1100056450330196,1.0084054761425418,1.1016001688904777,68.0
1.6612484605560855,2.7236230669612236,-1.062374606405138,67.0
3.073288464849911,1.2657965772990547,1.807491887550856,68.0
2.5770034468377245,2.9253665318503534,-0.3483630850126289,67.0
2.4535825361078194,1.3192304266500425,1.1343521094577769,67.0
5.630400171919486,0.9449082858950059,4.685491886024479,67.0
2.570465949832405,4.805648957632813,-2.2351830078004076,67.0
2.2309674107098427,0.4452034315416634,1.7857639791681792,68.0
1.7643945641185115,0.40016270451053126,1.36423185960798,68.0
5.606312938737938,5.210115186018799,0.3961977527191394,68.0
2.6253834975708648,4.508148814207035,-1.8827653166361706,68.0
3.937010613740814,0.24599024863767696,3.691020365103137,68.0
1.4076251899605787,1.0039145071635496,0.40371068279702915,69.0
9.8212468229679,5.408006790985506,4.413240031982395,70.0
1.6752072088290828,1.1054674123958457,0.5697397964332371,71.0
5.658460621178782,0.27863852038346076,5.379822100795321,71.0
4.0772953305833886,0.47264046279419936,3.604654867789189,71.0
5.035164360108414,7.573143175749039,-2.537978815640625,70.0
1.473662891906107,1.1323691914002671,0.34129370050583985,70.0
5.714389583342175,5.7037682077264105,0.010621375615764705,70.0
1.7778753025781726,1.166587747854396,0.6112875547237766,70.0
3.7460067584113186,3.1846370683579956,0.5613696900533229,70.0
2.673778562637893,4.99111088007486,-2.317332317436967,70.0
2.6434246878597447,0.5165977554636745,2.12682693239607,70.0
3.618827446792705,5.41923658525408,-1.8004091384613745,70.0
6.036804532619228,5.1306733329004555,0.9061311997187724,71.0
3.7228576282760026,3.3139666004403154,0.4088910278356872,71.0
4.3986123067206515,5.542896643539262,-1.1442843368186102,71.0
1.2367245233671793,0.8390180270726856,0.3977064962944937,71.0
3.069763394989423,0.636248815914115,2.433514579075308,71.0
2.4713600041493042,4.2008143390840775,-1.7294543349347733,71.0
7.856679653535968,9.618553468084505,-1.7618738145485366,70.0
3.0262877371271815,0.33919099746884457,2.6870967396583367,70.0
2.1972971786466347,1.2945224985760413,0.9027746800705934,70.0
2.3615515847581867,0.3454143911249598,2.016137193633227,70.0
2.8869228031427587,0.2769790814846077,2.609943721658151,71.0
1.2894740306598949,1.2515441768865838,0.03792985377331104,71.0
5.474106086883413,6.159805559775176,-0.6856994728917627,71.0
2.07665172658408,1.2505965675887212,0.8260551589953589,71.0
4.940738814746646,4.948042405794059,-0.007303591047413072,70.0
3.2604404808138665,1.0783623101518807,2.1820781706619856,70.0
12.432586673621218,4.181285906099355,8.251300767521863,70.0
4.63716130087888,0.4142958748221914,4.222865426056688,70.0
1.5620734876006301,2.3871787936164464,-0.8251053060158162,70.0
4.300728983808083,2.4307732025300104,1.869955781278073,70.0
9.10267300411084,7.4339343047666215,1.6687386993442193,70.0
2.781748676932532,0.9575743422076909,1.8241743347248414,70.0
4.806286393551341,0.5172049929224048,4.289081400628936,70.0
5.659173871765209,3.445851804939831,2.2133220668253784,70.0
2.719125466820155,0.2888514806029536,2.4302739862172014,70.0
4.105960904188966,0.7323502658830118,3.373610638305954,70.0
4.033168384312344,0.9284510981850553,3.104717286127288,71.0
5.638454768982413,3.5103217833112104,2.128132985671203,72.0
12.465334962308495,9.731933695104251,2.7334012672042434,72.0
4.036161646615264,0.31627807627216176,3.719883570343103,72.0
4.648509774851807,4.836884682493519,-0.1883749076417116,71.0
3.5103862739521956,5.362101107577584,-1.8517148336253886,70.0
5.186326388266566,5.69698213919114,-0.5106557509245739,69.0
2.9271548348515943,1.494219026068626,1.4329358087829682,69.0
1.5164877415663365,2.837949132014534,-1.3214613904481975,69.0
3.454026770447821,0.8486348093544345,2.605391961093386,69.0
2.6252546457634756,0.919163545568041,1.7060911001954344,69.0
9.869688709472761,3.764788600356237,6.1049001091165245,69.0
1.519402027251049,1.879805690492713,-0.36040366324166406,69.0
4.961737724984931,2.0736656661881776,2.8880720587967534,70.0
4.2476376991794345,6.778034738965712,-2.530397039786277,69.0
3.615067189682785,0.4698815931108724,3.1451855965719124,69.0
2.4368427770391303,2.2377076411960117,0.1991351358431186,70.0
4.408036131606092,2.555520963055208,1.8525151685508843,70.0
4.450829277785521,6.2628303122952556,-1.8120010345097342,69.0
2.90069284391123,5.348791493544208,-2.4480986496329775,68.0
2.6373435261511182,2.3091104349382507,0.3282330912128675,68.0
3.0353854290155375,4.508148814207035,-1.4727633851914979,67.0
8.877915632213133,7.237984194843894,1.6399314373692393,67.0
11.70894869574171,3.6160296502200544,8.092919045521656,68.0
6.136583374126678,5.782545185758787,0.35403818836789114,69.0
13.251036552009815,2.5155489503994035,10.735487601610412,69.0
2.4295632890885015,2.3871787936164464,0.04238449547205514,69.0
2.42839703953511,3.3137194495789672,-0.885322410043857,68.0
3.0562113028019295,4.564925482271294,-1.5087141794693641,68.0
9.456033221104336,3.346795680830178,6.109237540274158,68.0
5.277364973351887,1.2609915070116544,4.016373466340232,69.0
6.327607378926833,2.5475933075933086,3.780014071333524,69.0
1.973048914077562,2.2960636985533225,-0.3230147844757605,69.0
4.027714172651584,0.7783490532586343,3.24936511939295,69.0
1.7062490002691288,0.5996571988246826,1.1065918014444462,69.0
9.450203361726896,3.1709606020362986,6.279242759690597,70.0
2.6155151624930775,0.4009552310994224,2.214559931393655,70.0
1.5015196515254998,1.4761771387670004,0.025342512758499414,71.0
3.489163878702282,1.1056301652892564,2.3835337134130254,72.0
3.56723284074205,0.9882791220763688,2.578953718665681,72.0
2.075141024959312,1.7459009319986212,0.3292400929606907,72.0
2.8503696256960236,0.9088843893525619,1.9414852363434618,72.0
5.848008346899742,2.2377076411960117,3.61030070570373,73.0
8.684002532692713,2.359941530892367,6.324061001800345,73.0
3.9479772516095926,5.782545185758787,-1.8345679341491943,72.0
10.763768830431879,2.2206527855936993,8.543116044838179,73.0
13.992344856180841,4.457279426409085,9.535065429771755,74.0
2.4791040878358137,1.130825879774737,1.3482782080610767,74.0
5.100818931990678,5.105264371526742,-0.004445439536064022,73.0
2.0617149527504113,4.124155308670252,-2.0624403559198408,72.0
11.171591893225902,5.805800626115763,5.365791267110138,73.0
10.416384479507792,3.1216745085968056,7.294709970910986,73.0
5.884531119725681,0.8299537750385214,5.05457734468716,74.0
3.870049081583736,0.8592683383552095,3.0107807432285263,74.0
1.424289217164702,1.9318946457752602,-0.5076054286105582,73.0
1.7370094643376774,1.209822880629234,0.5271865837084435,74.0
4.8174051067928,0.3075335929641763,4.509871513828624,74.0
2.038108674513312,0.8465158106073271,1.191592863905985,74.0
2.667986321537622,3.108447565669525,-0.44046124413190313,73.0
4.272806510889721,2.01594979735913,2.256856713530591,74.0
3.89044364552988,5.377218109445333,-1.4867744639154528,73.0
2.5122112204576212,0.6373373159803717,1.8748739044772496,73.0
3.8909466162325685,2.683775237168576,1.2071713790639924,73.0
2.2402277541063,3.8026251346850803,-1.5623973805787803,72.0
4.330922584164867,1.5661232384636667,2.7647993457012,72.0
2.988095971682696,0.3981109324758849,2.589985039206811,72.0
5.979966217461188,2.3149475087485434,3.6650187087126445,73.0
3.512523340252245,0.8558698727015558,2.656653467550689,73.0
1.642051903749181,1.815923895215332,-0.17387199146615107,72.0
2.7713955815868947,1.4764634788806568,1.294932102706238,72.0
4.120409326885895,7.411640809616773,-3.291231482730878,71.0
2.2509875538961834,1.2506083465141762,1.0003792073820073,72.0
3.8368007016442416,1.5113699170943553,2.3254307845498863,72.0
3.1674182344185553,0.8194468333964021,2.347971401022153,73.0
4.3457120375936045,0.2697177957354683,4.075994241858136,73.0
2.556839464214696,1.2466990965948592,1.3101403676198369,73.0
2.6616872219289,0.4809911047177285,2.180696117211171,74.0
8.192855158353264,2.146746451956515,6.046108706396749,74.0
1.6462829781862218,0.45347424042272105,1.1928087377635008,74.0
4.213438063846907,2.2333403602464084,1.980097703600499,75.0
6.036447007603958,3.8564983702808284,2.17994863732313,76.0
1.786015182775274,0.6740687997863917,1.1119463829888823,76.0
5.770419152535098,2.26033834586466,3.510080806670438,76.0
2.502357777438201,1.0072368948113346,1.4951208826268663,76.0
1.669979423808715,1.6090959229561739,0.06088350085254102,76.0
3.002385838475297,0.4106887583748139,2.591697080100483,76.0
4.360833508723508,7.555989970676988,-3.19515646195348,76.0
3.849238676978446,0.8112362067999773,3.0380024701784687,76.0
3.56490202796893,5.0682952868402085,-1.5033932588712786,76.0
2.423157931716692,0.9575743422076909,1.4655835895090012,76.0
4.149010347539995,0.9318498375008305,3.217160510039164,76.0
1.1174405119234196,0.7641624365482244,0.3532780753751953,76.0
5.4701476363889805,6.310662647971,-0.8405150115820197,76.0
9.007143468096356,3.6160296502200544,5.391113817876301,76.0
9.113199038736807,7.594993926038926,1.5182051126978813,76.0
2.80656185801143,1.9118635306280676,0.8946983273833626,76.0
3.7465515395158957,2.7236230669612236,1.0229284725546721,76.0
3.3661876094140366,3.638038147138963,-0.2718505377249265,75.0
7.2380938294704205,4.961983209250749,2.2761106202196713,75.0
3.339151230806499,0.7438419357646443,2.595309295041855,75.0
13.187314497352531,5.495930639746902,7.691383857605629,75.0
11.255445317622362,2.314137236186233,8.94130808143613,75.0
3.5899098988823894,1.5728115439061123,2.017098354976277,75.0
2.7855434832757573,2.146488544578205,0.6390549386975524,75.0
3.1993046649265824,6.017717399726238,-2.8184127347996557,75.0
3.880539747827499,0.42603388095977823,3.454505866867721,76.0
3.823092145609911,0.4329970480423,3.3900950975676114,77.0
2.1992086720484507,1.159346600040912,1.0398620720075387,77.0
2.487078807371713,0.38466985739402226,2.102408949977691,78.0
3.34925535739136,0.7797731411102384,2.5694822162811217,78.0
3.4328473883411066,0.4239345521131753,3.0089128362279314,78.0
6.763352022720393,3.586288848263252,3.177063174457141,78.0
2.833631519984407,2.9253665318503534,-0.09173501186594635,78.0
3.933597025528248,5.6833595800524925,-1.7497625545242443,77.0
2.4695567321596807,0.32241317200313635,2.1471435601565445,78.0
2.330039097354934,0.6177319412613532,1.7123071560935808,78.0
1.803711075945469,1.649979449239624,0.15373162670584506,78.0
1.9068281394420783,1.1144633495098328,0.7923647899322455,78.0
3.7238264167934703,0.27863852038346076,3.4451878964100096,79.0
4.133596700699828,5.410987791342955,-1.2773910906431274,79.0
2.811555553835643,0.2545131485429994,2.5570424052926435,79.0
4.797336369157478,1.2208859381802342,3.5764504309772445,80.0
4.505233443166841,6.477785531518968,-1.9725520883521277,79.0
4.452524433106508,5.212906695348217,-0.7603822622417082,78.0
8.91670809313139,7.093098866302914,1.8236092268284763,78.0
4.827836360846637,1.3930423978878683,3.4347939629587683,78.0
2.388219164660309,1.1072337472044425,1.2809854174558664,78.0
1.6979388442685976,0.7702468203254199,0.9276920239431777,79.0
2.497443173943428,1.6576970213672955,0.8397461525761327,80.0
3.631239634211767,5.910736613210108,-2.2794969789983406,79.0
2.773150736404918,7.018894029140913,-4.245743292735995,78.0
4.054703444502359,2.8954196229900475,1.1592838215123118,78.0
1.2620623005321325,2.2377076411960117,-0.9756453406638792,78.0
2.3235584893355132,0.6958294283036551,1.6277290610318582,78.0
2.9327558898336696,0.45631738276063444,2.476438507073035,78.0
7.02365363441606,1.2698687587372461,5.7537848756788135,78.0
1.5581665827222935,2.2635311063098986,-0.7053645235876052,77.0
3.3973213606073394,3.855838435922226,-0.45851707531488684,76.0
2.857234470645492,2.2546997256376384,0.6025347450078535,76.0
2.1421538103155817,0.6464975203684036,1.4956562899471781,76.0
1.429310375573456,1.5113699170943553,-0.08205954152089934,75.0
3.6391766849517904,1.0289707449958556,2.610205939955935,75.0
1.9671927659020343,2.6885529482551083,-0.721360182353074,74.0
2.596128715071548,5.138454953991002,-2.542326238919454,73.0
1.512402709571431,0.8262995502562491,0.6861031593151818,74.0
4.956964028648379,0.8611574468085111,4.0958065818398675,74.0
4.047249355498644,0.5975763118783582,3.4496730436202854,74.0
1.9719666111288958,1.130825879774737,0.8411407313541588,74.0
4.66869190165585,5.227087012678915,-0.5583951110230645,74.0
3.5738165546386393,0.8464601032816926,2.727356451356947,75.0
2.366050037659558,0.7806207793816994,1.5854292582778586,75.0
5.636909435657142,2.62310248571049,3.0138069499466518,75.0
1.5381271452284706,2.439645033679035,-0.9015178884505646,74.0
1.8594744989246867,1.1050288773066628,0.754445621618024,74.0
2.2075981389614956,1.2242057779057507,0.9833923610557449,75.0
3.0954372654506774,3.8026251346850803,-0.7071878692344029,74.0
2.3735502291965123,0.7690225203641597,1.6045277088323524,74.0
3.4331746667608316,1.2698687587372461,2.1633059080235855,74.0
5.842007559498956,7.1130484124732325,-1.2710408529742763,74.0
3.2438435957590186,4.564966477128065,-1.3211228813690465,73.0
3.2701058584830336,1.1322669947708397,2.1378388637121937,74.0
2.6816898287759,6.115650861395929,-3.4339610326200294,73.0
5.4589986653496245,1.262549233218807,4.196449432130818,73.0
8.677163079763453,2.146746451956515,6.530416627806938,74.0
3.795692279185096,0.27681216900357003,3.5188801101815264,74.0
2.0067043767373614,3.720948527759048,-1.7142441510216866,73.0
6.25313207821834,8.302545760572261,-2.0494136823539213,72.0
3.1853345866734695,1.9234238346509875,1.261910752022482,72.0
5.400844731043436,2.097735327686671,3.303109403356765,73.0
3.186712710044271,1.1609301803697176,2.0257825296745535,73.0
3.0919576882607105,1.4812173913043492,1.6107402969563613,74.0
1.8143341947826597,0.8839353771217165,0.9303988176609431,74.0
1.7028939958527047,1.7459009319986212,-0.04300693614591644,73.0
4.052648839545077,2.0576521904039438,1.9949966491411328,73.0
3.3818870125377316,6.268883732920855,-2.8869967203831237,72.0
7.086594568899645,1.57356354084313,5.513031028056514,72.0
5.416117300907741,2.4765213575190135,2.9395959433887278,72.0
1.4575462845644198,1.2505965675887212,0.20694971697569864,72.0
2.9712016642236168,0.42670322716726466,2.544498437056352,72.0
2.4778159393245978,0.9217610000249011,1.5560549392996967,72.0
2.0898820697661904,0.5165977554636745,1.573284314302516,72.0
1.8337086833784009,1.1144633495098328,0.719245333868568,72.0
2.7267000213655126,0.37794260700389076,2.348757414361622,72.0
2.3078793257478214,0.3426957716379185,1.965183554109903,72.0
4.647997677560934,1.5728115439061123,3.0751861336548214,72.0
2.5922481605038263,0.3394071433287126,2.252841017175114,72.0
3.925190957159687,1.5812431343830093,2.3439478227766775,73.0
2.7519887783637684,0.35217405713528255,2.399814721228486,73.0
5.822958453292253,0.5462279048443792,5.276730548447874,74.0
6.16818014767492,5.070391455933624,1.0977886917412958,74.0
3.527459884953376,2.2257749712973594,1.3016849136560165,74.0
4.875754692041863,1.8993854291531083,2.9763692628887544,74.0
1.7953631778912453,1.5123546814450601,0.2830084964461852,75.0
3.551301680315793,3.7198907103825136,-0.16858903006672055,74.0
0.9867668602691015,3.1374679864331694,-2.150701126164068,73.0
6.551560240067148,1.5739125361029218,4.977647703964226,73.0
9.830990349437277,5.2387948142993315,4.592195535137946,73.0
3.044288194724354,0.4106887583748139,2.63359943634954,74.0
8.402513103346504,9.618553468084505,-1.2160403647380011,73.0
4.287410853892475,5.362101107577584,-1.0746902536851088,72.0
2.0559218667272257,0.8290807409996518,1.226841125727574,72.0
4.6820509375036625,4.641598324899664,0.040452612603998794,72.0
2.930041003340661,6.968265436558668,-4.038224433218007,71.0
2.16790822577604,0.9882791220763688,1.1796291036996709,71.0
6.975225951134518,1.1508083140877587,5.824417637046759,72.0
3.932460204903722,0.32960912052117336,3.6028510843825483,72.0
1.488061298191232,2.4944475966604527,-1.0063862984692207,71.0
6.549966839520422,2.343663131885102,4.206303707635319,71.0
2.2618582703160643,2.262979108871649,-0.0011208385555847578,70.0
7.036411506614386,2.77979229008977,4.256619216524616,70.0
4.5002952610020985,0.4603770045953293,4.039918256406769,70.0
1.4782881834609198,1.3261911961639787,0.1520969872969411,70.0
6.614703410521392,6.037958532695373,0.5767448778260196,71.0
3.456355293280521,5.348791493544208,-1.8924362002636865,71.0
6.6578147762431295,0.649922742777179,6.00789203346595,71.0
3.0662180844844453,4.394439248363229,-1.3282211638787835,70.0
6.571699393187735,5.339687952056202,1.232011441131533,70.0
2.7644044622506145,0.9126253729733624,1.851779089277252,70.0
6.984980036676462,1.1628229815055313,5.822157055170931,70.0
5.231014876321956,5.070391455933624,0.16062342038833233,71.0
2.5616769779898063,1.5440387691728614,1.017638208816945,71.0
3.078527241290882,0.9217610000249011,2.156766241265981,71.0
5.07416803336625,1.1027019380393297,3.971466095326921,72.0
2.2443555978120426,0.7438419357646443,1.5005136620473984,73.0
4.063533653257277,6.673118799903235,-2.6095851466459576,72.0
9.283762762587063,2.8954196229900475,6.388343139597016,72.0
7.586309717955094,7.555989970676988,0.030319747278105602,72.0
5.159981597010443,2.5923277343533457,2.5676538626570973,72.0
4.301942043156687,4.198757968062032,0.10318407509465466,72.0
2.8386140921429024,0.7797731411102384,2.058840951032664,73.0
3.392929745036456,1.9318946457752602,1.461035099261196,74.0
3.360364336373739,0.33888021341661834,3.021484122957121,74.0
5.31724966225883,1.1684080395597403,4.14884162269909,75.0
6.827587539438902,2.146917665622055,4.680669873816846,75.0
4.859860076466614,6.838308457711454,-1.9784483812448403,74.0
2.5911337725604158,3.6214008576679553,-1.0302670851075395,73.0
6.981224607483119,5.210115186018799,1.7711094214643204,74.0
1.8862701120427647,0.8575627890891808,1.028707322953584,75.0
3.001022614875235,0.39842686076543815,2.602595754109797,75.0
1.4703520540777317,1.1168819933094951,0.3534700607682366,75.0
3.147564899275714,0.6262377928020227,2.521327106473691,76.0
3.4462446071430417,0.4180590425071422,3.0281855646358995,76.0
3.4144381474889625,0.9985059264915842,2.4159322209973784,77.0
2.1914506577109965,0.3958023368842866,1.7956483208267098,78.0
1.4564153267458348,1.1175129533678758,0.33890237337795903,78.0
4.75414607851168,2.3806026163414096,2.3735434621702707,78.0
3.718057312916851,1.1135075506865992,2.604549762230252,78.0
3.90986538571464,1.5813493754153933,2.328516010299247,78.0
3.2204154919232453,2.2635311063098986,0.9568843856133467,79.0
2.9261220232404734,1.1566764407353092,1.7694455825051643,79.0
3.8900359942672473,0.3866082104424071,3.50342778382484,79.0
1.868493122568427,0.8435150176303157,1.0249781049381113,79.0
7.513478750741763,8.15813836054537,-0.6446596098036075,79.0
5.215296485056759,3.4986532755078743,1.7166432095488844,79.0
23.60747856466028,4.457279426409085,19.150199138251196,79.0
4.897780927964756,0.35782258485412644,4.539958343110629,80.0
3.8966220924934025,1.1094935053613464,2.787128587132056,80.0
0.9341326739997458,1.2515441768865838,-0.31741150288683806,79.0
3.847967732725832,1.8657226015896122,1.98224513113622,80.0
1.654792597366434,3.8546757901596567,-2.199883192793223,80.0
5.199166446616667,3.3410027507643876,1.8581636958522796,80.0
7.768873287026078,1.8988398776134645,5.870033409412613,81.0
4.9056463869041504,0.40159716886684843,4.504049218037302,81.0
2.9865769163937816,0.32960912052117336,2.656967795872608,81.0
4.454724265197605,0.5404090758028944,3.9143151893947103,81.0
2.5903553534855437,0.4197680038666021,2.1705873496189416,82.0
2.6434267923113706,1.9226480509745085,0.720778741336862,83.0
1.744095456614182,1.0189575745881672,0.7251378820260148,83.0
5.490457173944642,0.5749497421554056,4.915507431789236,83.0
2.3845981411335964,1.2629307808485162,1.1216673602850802,83.0
4.055133405392199,0.2888514806029536,3.766281924789245,83.0
2.498295430493564,0.9220969825055779,1.576198447987986,83.0
2.1180401110220948,1.1175129533678758,1.000527157654219,84.0
10.32315086737751,2.3731327746838073,7.950018092693703,84.0
2.5590930795671705,1.129125244835362,1.4299678347318086,85.0
3.9295948934649245,1.2817102525396753,2.6478846409252492,85.0
3.799816947102166,1.9318946457752602,1.8679223013269057,85.0
2.2960222537722017,0.7793384573828079,1.5166837963893938,85.0
3.0015489679167517,1.2284694171956136,1.773079550721138,85.0
3.862785171264137,1.6947673461323138,2.168017825131823,85.0
5.631548375028869,7.018894029140913,-1.3873456541120444,84.0
3.0966586503653972,5.348791493544208,-2.2521328431788104,83.0
3.282601374702043,0.9075702337550945,2.3750311409469482,83.0
5.021014447632257,3.4986532755078743,1.5223611721243824,83.0
3.3235484871416294,0.3442585637874131,2.9792899233542163,83.0
2.60017898726053,0.9313334684593375,1.6688455188011924,83.0
3.0970834640172593,0.4756180484724848,2.6214654155447743,83.0
2.8930695122264196,4.805648957632813,-1.9125794454063931,82.0
3.011453333724068,0.5273797263498606,2.4840736073742073,82.0
1.490931637709933,0.8055701949973649,0.6853614427125682,82.0
3.8840320024920256,5.2797062078679975,-1.3956742053759719,81.0
5.165030600180232,0.8584457792373518,4.306584820942881,81.0
2.3688930204723104,3.0669728544008774,-0.698079833928567,80.0
2.432454217483714,0.8324416174883467,1.6000125999953674,81.0
11.032598152703308,4.457279426409085,6.575318726294223,82.0
4.4264999918447785,1.1211491660236255,3.305350825821153,82.0
10.034994227160222,7.142898450150357,2.8920957770098656,82.0
3.775432520272593,1.488148384353739,2.2872841359188536,82.0
9.048542789277043,7.04715528661965,2.0013875026573933,83.0
7.136529092975676,2.03657039477935,5.0999586981963265,84.0
8.5273018753498,4.611512508407648,3.9157893669421515,84.0
2.374997944421682,5.212906695348217,-2.8379087509265344,83.0
5.783477160685862,5.2387948142993315,0.5446823463865309,84.0
1.8633033855818883,1.2515441768865838,0.6117592086953045,84.0
5.159413379464217,6.513577894235362,-1.3541645147711447,83.0
2.226457413170124,0.8558698727015558,1.3705875404685681,83.0
6.646902002520693,9.122483730260557,-2.475581727739864,83.0
4.628069258848651,0.4750503790423183,4.153018879806333,83.0
2.9725339022471413,0.5201074473469071,2.4524264549002344,84.0
3.7372262994265806,1.6597299827841343,2.0774963166424465,84.0
5.753842587876477,2.8372558361124316,2.9165867517640454,84.0
3.2411229137959756,0.5947562272174978,2.646366686578478,84.0
3.5632336013502504,2.0365154264972776,1.5267181748529728,84.0
4.880154509325887,0.4698815931108724,4.410272916215015,85.0
4.970139221565419,1.1880059013517297,3.7821333202136893,85.0
2.5595643376644164,6.205241349620615,-3.6456770119561988,85.0
5.749515171099755,1.4331547879317894,4.316360383167966,85.0
2.0136359609732515,0.9976918947933439,1.0159440661799075,85.0
4.3904775715159206,1.6717692953434418,2.718708276172479,85.0
4.137311372686958,5.744023352961895,-1.6067119802749366,84.0
5.038799180493842,0.8864605060306537,4.152338674463189,84.0
4.58390711753258,1.3261911961639787,3.257715921368601,84.0
3.0225140627563936,0.9662450181944223,2.0562690445619713,84.0
6.183622820677876,4.68212892672902,1.5014938939488554,84.0
5.781917704283768,2.6013052936910808,3.1806124105926874,85.0
1.9120871816340927,0.8525385819727144,1.0595485996613783,85.0
3.1745689852819536,0.45631738276063444,2.718251602521319,85.0
3.708753495665107,0.9542252293098031,2.7545282663553037,85.0
4.424230955549611,0.40159716886684843,4.022633786682762,85.0
2.9154840667253867,0.4292600368481946,2.4862240298771923,85.0
4.631421705841104,1.3108294743683484,3.320592231472756,85.0
2.7010216009748347,1.1145066867178672,1.5865149142569674,85.0
3.625964248883958,0.2769790814846077,3.3489851673993503,85.0
4.654679497101049,4.903689129365468,-0.24900963226441863,84.0
1.0317803151271,2.376186635229881,-1.344406320102781,84.0
4.998295759038446,0.488752154655146,4.5095436043833,85.0
13.243740066228,7.395782445855731,5.847957620372269,85.0
4.575248338829859,2.1085855011747388,2.46666283765512,85.0
2.2124381107066355,0.38154039853756566,1.83089771216907,85.0
2.813713192880888,0.40016270451053126,2.413550488370357,85.0
9.684543520046978,6.159805559775176,3.5247379602718016,85.0
3.6399514547918996,6.284894423389271,-2.644942968597371,84.0
8.490971685159144,1.1880059013517297,7.302965783807414,84.0
3.488026169983844,0.9882791220763688,2.499747047907475,84.0
4.267279521152095,0.5201074473469071,3.747172073805188,84.0
3.331411094913233,6.284894423389271,-2.953483328476038,83.0
2.2606455212475227,2.929474548440065,-0.6688290271925421,82.0
14.033624420926335,3.6720314400673715,10.361592980858964,82.0
7.557696747710607,6.749316005471955,0.8083807422386524,82.0
10.675012684038315,2.7025122549019587,7.972500429136356,82.0
3.601708950682189,0.9826674722452983,2.6190414784368907,82.0
6.8116999931428115,2.359941530892367,4.451758462250444,82.0
4.019327022176072,0.39799074555217384,3.6213362766238983,83.0
3.9945249896221284,5.275050985723993,-1.280525996101865,82.0
5.055748003964182,2.683775237168576,2.371972766795606,82.0
1.8579377712184388,1.160458452722064,0.6974793184963748,82.0
0.8504516520478927,2.348485678295636,-1.4980340262477432,81.0
3.6620230967629013,1.5522904997700016,2.1097325969928997,82.0
6.333620830498767,5.566369606003747,0.7672512244950207,82.0
3.068957769285372,3.9278750276977696,-0.8589172584123976,82.0
5.6311916283469765,1.4817272407379503,4.149464387609026,82.0
2.8317385551300975,3.586288848263252,-0.7545502931331542,81.0
2.4213573121087864,2.736993068281415,-0.31563575617262885,80.0
4.093950004010428,0.3584748379129366,3.7354751660974914,80.0
1.981246557767271,1.9226480509745085,0.05859850679276257,80.0
5.82246443443381,2.0736656661881776,3.7487987682456323,80.0
9.544457351017705,8.025779012238532,1.5186783387791731,80.0
1.2051614307769907,0.9219616886230281,0.2831997421539626,80.0
2.3516004515727613,0.44089167537443386,1.9107087761983275,80.0
2.75679785541488,0.9233782325432682,1.8334196228716118,80.0
8.122408173161123,2.5916293881264667,5.530778785034656,80.0
4.210155549337108,2.359941530892367,1.8502140184447406,80.0
8.829622734715269,7.04715528661965,1.7824674480956189,80.0
5.081581343632556,4.193513672161614,0.8880676714709423,80.0
10.522104436266693,7.445481954160944,3.0766224821057486,80.0
1.156619512907316,0.9321618594231311,0.2244576534841849,80.0
2.4166615548407107,0.42961840473894447,1.9870431501017662,80.0
6.030200771945446,1.314515788138817,4.715684983806629,80.0
2.753231459572753,0.4241476995213438,2.329083760051409,80.0
3.8929459023820963,2.359941530892367,1.5330043714897292,80.0
2.9762227209866055,1.4888443218851874,1.487378399101418,81.0
1.9673058694551602,5.1677497754530615,-3.2004439059979015,81.0
2.982450245157839,0.3934269495070207,2.589023295650818,81.0
2.9891603497551444,0.9575743422076909,2.0315860075474537,81.0
2.2722404812352743,1.8358439371257471,0.4363965441095272,81.0
3.280864657216209,0.4336732296414639,2.847191427574745,81.0
4.9053302098995735,1.0158029281896357,3.889527281709938,81.0
4.092760372282721,5.41343779272758,-1.3206774204448584,81.0
4.520626313663647,7.4215301618440375,-2.9009038481803904,80.0
2.7782674915417513,4.178638059701493,-1.4003705681597416,79.0
1.1807938956986632,2.439645033679035,-1.258851137980372,79.0
3.846734123123713,0.4477043776983428,3.3990297454253704,79.0
12.593883394993245,6.103555958497042,6.490327436496203,80.0
5.670537630621788,2.343663131885102,3.3268744987366863,80.0
3.0760044589883555,1.2783833718244795,1.797621087163876,80.0
2.915399717923214,1.1926434309570486,1.7227562869661655,80.0
8.884564769837556,6.513577894235362,2.3709868756021946,80.0
2.7376220962177116,0.4366268337705248,2.300995262447187,80.0
2.5035340453528967,0.2704460751406282,2.2330879702122686,80.0
2.685402342313107,3.638038147138963,-0.9526358048258561,79.0
5.5710032791844695,2.662566593544345,2.9084366856401243,79.0
4.478973093228554,3.087195941551399,1.3917771516771547,80.0
4.383628907323183,1.329151105702657,3.054477801620526,80.0
4.147335779710204,1.1246027058194819,3.022733073890722,80.0
4.228670473028839,5.593865196658664,-1.3651947236298243,80.0
4.859403262143283,1.8988398776134645,2.960563384529819,80.0
5.483947243267037,6.749316005471955,-1.2653687622049175,80.0
1.400090419674532,4.901513601963594,-3.501423182289062,79.0
2.57365011276667,1.2945224985760413,1.2791276141906287,79.0
2.7585605793671544,3.9952040816326537,-1.2366435022654994,78.0
2.7995544977293436,1.26381411164636,1.5357403860829837,78.0
4.650613730569117,2.25706418584757,2.393549544721547,78.0
4.008904011097911,2.95269607843137,1.0562079326665414,78.0
2.7748962450381804,0.440513219284603,2.3343830257535774,78.0
13.8791226072818,7.7040170977450195,6.175105509536781,78.0
3.3486522684072852,0.737863772219601,2.610788496187684,79.0
4.579948802123463,0.2724496570037618,4.307499145119701,79.0
3.1789859082950676,0.30720756203229693,2.8717783462627704,79.0
2.423160440251387,2.4336118095547046,-0.01045136930331747,78.0
2.9457548012577335,0.7859854892673201,2.1597693119904133,79.0
8.824678951288613,4.785842831433716,4.0388361198548965,79.0
1.807718652524471,6.115650861395929,-4.307932208871458,78.0
2.5424738823444004,2.0223345540826316,0.5201393282617688,78.0
1.9914455072979675,0.8839353771217165,1.107510130176251,78.0
1.4750903592462483,3.0884162303664917,-1.6133258711202434,77.0
2.672276670335581,0.9217610000249011,1.75051567031068,77.0
1.626330695447718,2.736993068281415,-1.1106623728336973,76.0
3.3252115634450496,0.3394071433287126,2.985804420116337,76.0
4.184549905799524,0.8864605060306537,3.29808939976887,76.0
2.551971884552047,0.9781815317562415,1.5737903527958057,76.0
2.3507540843183956,0.37794260700389076,1.972811477314505,76.0
2.755172844522671,0.5398630943917465,2.2153097501309245,76.0
6.160718191690248,8.25784724321058,-2.0971290515203327,75.0
3.1318084778482604,1.4059327411167513,1.7258757367315092,76.0
8.012799465354746,4.457279426409085,3.5555200389456614,77.0
5.345382968512726,2.0433228071091145,3.3020601614036114,77.0
2.6614935888028914,0.22557730323898084,2.4359162855639105,77.0
7.482466851538528,4.873221407119292,2.609245444419236,77.0
3.130476276576858,0.4661907028399166,2.6642855737369415,77.0
4.971611122768003,4.879982706441844,0.09162841632615937,77.0
